Id,Race,Racecourse,Time
1,Bahrain race,"Bahrain International, Sakhir",5/3/2024
2,Saudi race,"Jeddah Corniche,Jeddah",19/3/2024
3,Australia,"Albert Park, Melbourme",2/4/2024
4,Azerbaijan,"Baku, Baku",20/4/2024
5,Miani,"Miami Gardens, Florida",7/5/2024
6,Monaco,"Monaco, Monaca",28/5/2024
7,Spain,"Barcelona, Montmelo",4/6/2024
8,Canada,"Villeneuve, Montreal",18/6/2024
9,Anh,"Silvertone, Silverstone",9/6/2024
10,Hungary,"Hungaroring, Mogyorod",23/7/2024
11,Belgium,"Spa-Francorchamps, Stavelot",30/7/2024
12,Netherlands,"Zandvoort, Zandvoort",30/7/2024
13,Singapore,"Marina Bay, Singapore",17/9/2024
14,Japan,"Suzuka, Suzuka",24/9/2024
15,Qatar,"Losail, Lusail",8/10/2024
16,USA,"Austin, Texas",22/10/2024
17,Mexico,Mexico City,29/10/2024
18,Sao Paulo,"Carlos Pace, Sao Paulo",5/22/2024
19,Las Vegas,"Las Vegas, Las Vegas",18/11/2024
20,Abu Dhabi,"Yas Marina, Abu Dhabi",26/11/2024